{
  "folds": [
    {
      "fold": 1,
      "n_train": 481,
      "n_val": 104,
      "n_test": 104,
      "baseline_accuracy": 0.7019230769230769,
      "baseline_f1": 0.8248587570621468,
      "train_accuracy": 0.7110187110187111,
      "train_f1": 0.8113975576662144,
      "train_auroc": 0.7014404055390703,
      "val_accuracy": 0.7596153846153846,
      "val_f1": 0.8466257668711656,
      "val_auroc": 0.7231551038444543,
      "test_accuracy": 0.7115384615384616,
      "test_f1": 0.810126582278481,
      "test_auroc": 0.7211665930181176
    }
  ],
  "avg_baseline_accuracy": 0.7019230769230769,
  "avg_baseline_f1": 0.8248587570621468,
  "avg_train_accuracy": 0.7110187110187111,
  "avg_train_f1": 0.8113975576662144,
  "avg_train_auroc": 0.7014404055390703,
  "avg_val_auroc": 0.7231551038444543,
  "avg_test_accuracy": 0.7115384615384616,
  "avg_test_f1": 0.810126582278481,
  "avg_test_auroc": 0.7211665930181176,
  "feature_dim": 24,
  "n_samples": 689,
  "n_folds": 1,
  "extract_time_s": 13.174030303955078
}